Name,Reviewed,Class,Code,Materials,Created,Status,频率
进程与线程,Yes,操作系统,,http://blog.sina.com.cn/s/blog_5a2bbc860101gedc.html,"Sep 21, 2019 10:30 PM",,
前端笔试总结,No,笔试总结,,,"Sep 21, 2019 7:36 PM",,
JavaScript堆和栈（内存管理）,Yes,JavaScript,,,"Sep 21, 2019 11:47 PM",基础,
css3新特性,No,css,,http://css.cuishifeng.cn/animation.html,"Sep 22, 2019 11:38 AM",css属性速查,
content,Yes,css,,,"Sep 22, 2019 11:38 AM",,
JavaScript-性能优化，函数节流（throttle）与函数去抖（debounce）,No,JavaScript,,https://blog.csdn.net/qiqingjin/article/details/51584262,"Sep 22, 2019 2:36 PM",,
Promise,Yes,JavaScript,,,"Sep 23, 2019 9:50 PM",,
css两栏布局,Yes,css,-3e4a38e5-d4ce-4a56-9451-476b3557ee43.html,https://segmentfault.com/a/1190000011358507,"Sep 23, 2019 9:50 PM",,
css三栏布局,Yes,css,-1763b91e-da58-471d-aab1-971f06f2afb1.html,https://segmentfault.com/a/1190000011358507,"Sep 24, 2019 4:14 PM",,
移动端布局,No,css,,https://segmentfault.com/a/1190000011358507,"Sep 24, 2019 4:16 PM",,
BOM,No,JavaScript,,,"Sep 24, 2019 4:17 PM",,
生成器函数,No,JavaScript,,,"Sep 28, 2019 5:03 PM",,
const,No,,,,"Sep 28, 2019 10:20 PM",,
let,No,,,,"Sep 28, 2019 10:20 PM",,
函数和var变量的声明与执行顺序,No,,,,"Sep 28, 2019 10:22 PM",JavaScript,⭐⭐⭐
Promise对象的then方法和resolve方法,No,,,,"Sep 28, 2019 10:22 PM",JavaScript,⭐⭐